"End..Ma.","Start..Ma.","Bin.name","epoch","period","Collections","del.18O","del.13C","X87Sr.86Sr","del.34S","BC.extinction.rate","BC.extinction.ratePBDB","BC.extinction.rate.max","BC.extinction.ratePBDB.max","mean_d13C.gr","stdev_d13C.gr","d13C_N.gr","mean_d18O.gr","stdev_d18O.gr","d18O_N.gr","sea_level...first.diffs.","sea_level_residuals","mean_d13C.prok","stdev_d13C.prok","N_d13C.prok","mean_d18O.prok","stdev_d18O.prok","N_d18O.prok","mean_d34S.prok","stdev_d34S.prok","N_d34S.prok","mean_87Sr.86Sr.prok","stdev_87Sr.86Sr.prok","N_87Sr.86Sr.prok","Volcanism","Flood_basalt","Bolide","OA"
0,1.81,"Pleistocene","Pleistocene-Holocene","Neogene",341,-1.1607,2.3932,0.70902,21.924,NA,NA,NA,NA,1.19784566487097,0.896171380326212,31,0.267233563625,1.71440945636033,40,NA,NA,2.02,0.322268743,8,-0.855,0.473315727,10,21.28357143,0.431236949,4,0.70914313,2.98e-05,284,0,0,0,0
1.81,2.59,"Gelasian","Late Pliocene","Neogene",341,-1.1607,2.3932,0.70902,21.924,NA,0.012,NA,0.012,1.59047455657342,0.699471504373469,30,-0.311575525879808,1.39546206583425,33,NA,NA,2.003333333,0.2136196,3,-1.2,0.34394767,3,22.015,0.007071068,2,0.709072394,1.59e-05,71,0,0,0,0
2.59,3.6,"Piacenzian","Early Pliocene","Neogene",341,-1.1607,2.3932,0.70902,21.924,NA,0.012,NA,0.012,1.59047455657342,0.699471504373469,30,-0.311575525879808,1.39546206583425,33,NA,NA,2.325,0.211266025,4,-1.6475,0.135492927,4,NA,NA,0,0.709052244,2.17e-05,78,0,0,0,0
3.6,5.33,"Zanclean","Early Pliocene","Neogene",195,-1.03941,2.55835,0.70899,21.9555,NA,0.036,NA,0.036,1.98616710875332,0.593897745501701,21,-0.688613360323887,1.05024222085465,32,NA,NA,2.330833333,0.283146552,12,-1.197058824,0.431186803,17,21.86666667,0.338427737,3,0.709021339,3.21e-05,233,0,0,0,0
5.33,7.25,"Messinian","Late Miocene","Neogene",162.333333333333,-0.927266666666667,2.51133333333333,0.708966666666667,21.9926666666667,0.101,0.013,0.101,0.013,1.93588918361332,0.49914117735386,19,-0.600101214574899,1.06061453681702,34.3333333333333,NA,-20.43739485,2.795,0.185562209,4,-0.931071429,0.440213242,28,22.06,0.291976026,5,0.708954376,2.44e-05,101,0,0,0,0
7.25,11.61,"Tortonian","Late Miocene","Neogene",74,-0.81166,2.46103333333333,0.708903333333333,22.0526666666667,0.079,0.011,0.079,0.011,1.95942260208927,0.478217724735443,27.3333333333333,-0.372330733023929,0.983250233544982,53,-0.25,-19.85344485,NA,NA,0,-0.688235294,0.541409331,34,22.03090909,0.162015712,11,0.708922784,4.22e-05,97,0,0,0,0
11.61,13.65,"Serravallian","Middle Miocene","Neogene",97.6666666666667,-0.863686666666667,2.4125,0.708843333333333,22.0483333333333,0.031,0.009,0.031,0.009,2.1008911335578,0.369614004984606,30.3333333333333,-0.406453540041473,0.956903865145477,53,0.488,-18.25730778,2.215,0.278549816,6,-0.763823529,0.59927236,34,22.1495,0.311880052,10,0.708832667,5.06e-05,132,0,0,0,0
13.65,15.97,"Langhian","Middle Miocene","Neogene",81.3333333333333,-0.866846666666667,2.47813333333333,0.708723333333333,21.9856666666667,0.031,0.009,0.031,0.009,2.36090822757489,0.347378080498136,29.6666666666667,-0.413603999644763,0.883928467664311,57.6666666666667,-1.297,-18.44190388,2.574,0.214196172,5,-1.106315789,0.702172902,19,21.9825,0.152027958,2,0.708775957,4.5e-05,70,0,0,0,0
15.97,20.43,"Burdigalian","Early Miocene","Neogene",67.3333333333333,-0.835506666666667,2.3289,0.70855,21.8793333333333,0.036,0,0.036,0,2.41331002331002,0.505867570970358,19,-0.499775687832233,0.875441751138651,41.6666666666667,-1.15,-18.84480749,2.629166667,0.24835672,12,-0.7475,0.532025951,32,21.8175,0.191898411,4,0.708559312,0.000124064,186,1,1,0,0
20.43,23.03,"Aquitanian","Early Miocene","Neogene",74.6666666666667,-0.619433333333333,1.73949333333333,0.70834,21.7723333333333,0.121,0.046,0.121,0.046,1.96797091797092,0.636304647773335,32.6666666666667,-0.231306451360773,0.914092489130945,52.6666666666667,3.779,-13.9216269,1.839090909,0.859342243,11,-0.72,0.372209618,21,21.95,0.070710678,2,0.708306298,6.06e-05,47,0,0,0,0
23.03,28.4,"Chattian","Late Oligocene","Paleogene",146.666666666667,-0.465816666666667,1.11909333333333,0.70813,21.7316666666667,0.101,0.048,0.101,0.048,1.46669309788122,0.687534453298071,129.333333333333,-0.635226465251269,1.13889106757698,143.666666666667,3.275,-9.477254873,0.791470588,0.350291068,34,-0.404864865,0.464103806,37,21.59952381,0.211296075,7,0.708148517,9.3e-05,87,0,0,0,0
28.4,33.9,"Rupelian","Early Oligocene","Paleogene",247.666666666667,-0.31455,1.08796,0.707953333333333,21.8263333333333,0.101,0.048,0.101,0.048,1.08079951639708,0.572362501129902,164.333333333333,-1.07667254368264,1.4178693732604,177.666666666667,1.58,-6.604202176,0.766086957,0.333558488,23,-0.268,0.264606626,25,21.698,0.221743095,5,0.707927712,6.31e-05,66,1,1,0,0
33.9,37.2,"Priabonian","Late Eocene","Paleogene",296.666666666667,-0.333853333333333,1.66603333333333,0.70782,22.0323333333333,0.163,0.076,0.163,0.076,1.33112533093342,0.597175185692991,162.333333333333,-1.33043226045321,1.48514185201286,174.333333333333,-0.076,-4.962890781,1.676363636,0.730852553,11,-0.24,0.188293774,12,22.1085,0.399812803,10,0.707778375,5.43e-05,8,0,0,1,0
37.2,40.4,"Bartonian","Middle Eocene","Paleogene",274.666666666667,-0.593016666666667,2.37976666666667,0.707766666666667,22.2116666666667,0.083,0.033,0.083,0.033,1.55165589827587,0.842486248864446,108,-1.16213614593378,1.39012917473489,115.666666666667,8.731,5.119307638,2.545789474,0.549295668,19,-0.480952381,0.1944712,21,22.28,0.229172424,6,0.707757444,4.46e-05,9,0,0,0,0
40.4,48.6,"Lutetian","Middle Eocene","Paleogene",207.333333333333,-1.07719666666667,2.68746666666667,0.707756666666667,21.3593333333333,0.036,0.024,0.036,0.024,1.86244252788835,0.899843300070535,77,-0.945007877959928,1.11770735608437,86.3333333333333,-4.416,1.678898299,2.907857143,0.233386615,28,-1.029142857,0.452622238,35,22.4,NA,1,0.707772667,6.08e-05,15,1,0,0,0
48.6,55.8,"Ypresian","Early Eocene","Paleogene",181.333333333333,-1.24042333333333,2.8138,0.707763333333333,19.9016666666667,0.038,0.014,0.038,0.014,2.2723548085901,1.00191014500259,88,-1.06261213450292,0.868439587017676,97.6666666666667,6.524,9.86786196,2.560684211,0.348619508,19,-1.701461538,0.336311074,26,19.332,1.520756756,10,0.70775,3.15e-05,11,0,0,0,1
55.8,58.7,"Thanetian","Late Paleocene","Paleogene",173,-1.346085,2.7736,0.70776,18.705,0.048,0.018,0.048,0.018,2.52196078431373,0.936593780660222,62,-1.01821820175439,0.676764040625289,71.5,4.686,16.70984029,3.670771429,1.047870869,35,-1.078405405,0.569827774,37,17.52833333,0.307207856,6,0.707760333,5.11e-05,9,0,0,0,0
58.7,61.7,"Selandian","Middle Paleocene","Paleogene",228.5,-0.78591,2.3813,0.70781,18.262,0.035,0.004,0.035,0.004,2.44339743589744,0.842962194462482,64.5,-0.784679075738125,0.426125564042978,68,4.686,16.70984029,2.083607143,0.932319145,28,-0.835166667,0.519971623,30,18.14111111,0.143539905,3,0.7077836,7.56e-05,5,0,0,0,0
61.7,65.5,"Danian","Early Paleocene","Paleogene",469,-0.925006666666667,2.3919,0.7078,18.4586666666667,0.104,0.106,0.104,0.106,2.35052102790513,0.842365241382247,143.666666666667,-0.79592466435347,0.60706651906816,146.333333333333,-0.948,17.51152762,1.785666667,0.540431881,42,-0.609681818,0.339938898,44,18.970625,0.166571252,8,0.707846193,5.07e-05,57,1,1,0,0
65.5,70.6,"Maastrichtian","Late Cretaceous","Cretaceous",598,-0.900725,2.1264,0.707815,18.739,0.048,0.053,0.048,0.053,1.99661487519103,0.6979666009611,170.5,-0.744939628109152,0.653151276483854,172,-4.672,14.08516456,2.414,0.277656285,82,-1.200621951,0.551392192,82,18.59888889,1.216608446,9,0.70778438,6.87e-05,71,1,1,1,1
70.6,83.5,"Campanian","Late Cretaceous","Cretaceous",646.333333333333,-1.4163,2.36806666666667,0.707616666666667,18.478,0.048,0.053,0.048,0.053,2.22254976716541,0.705796213803115,191.333333333333,-1.7604243281471,1.086864788522,193,-6.263,8.927693254,2.34872449,0.296992929,98,-1.514989899,0.951215994,99,18.656,0.54657113,15,0.707615,9.84e-05,90,1,0,1,0
83.5,85.8,"Santonian","Late Cretaceous","Cretaceous",390,-1.67876666666667,2.29426666666667,0.707473333333333,18.2973333333333,0.021,0.024,0.021,0.024,2.02564962872862,0.57181660315886,130,-2.79069814366424,0.963832664464298,131.333333333333,9.051,20.10527227,NA,NA,0,NA,NA,0,17.66,0.895023277,4,0.707459818,7e-05,11,0,0,0,0
85.8,89.3,"Coniacian","Late Cretaceous","Cretaceous",256.666666666667,-1.89996666666667,2.43976666666667,0.707383333333333,18.3183333333333,0.005,0.01,0.005,0.01,1.69520077448813,0.531642665886695,200,-3.72734962744616,0.818995670922451,200.666666666667,-6.14,15.64711347,2.016666667,0.947959211,6,-2.26,1.626837423,6,18.165,NA,1,0.707352333,2.72e-05,9,0,0,0,0
89.3,93.5,"Turonian","Late Cretaceous","Cretaceous",380,-2.1727,2.7866,0.70735,18.652,0.039,0.061,0.039,0.061,1.34588235294118,0.50582959151141,459,-4.22697826086956,0.65251733051987,460,-3.659,12.6023689,2.93,0.196129209,4,-1.885,0.267145404,4,18.85,0.278388218,3,0.707349565,0.000111389,23,1,1,0,0
93.5,99.6,"Cenomanian","Late Cretaceous","Cretaceous",495.333333333333,-2.3837,2.41886666666667,0.7074,17.6246666666667,0.056,0.071,0.056,0.071,1.91598921825948,0.811309655710203,215.333333333333,-2.71282477462056,0.867152826851108,215.666666666667,2.514,15.90837631,2.376391304,0.909953051,46,-2.499130435,0.458276123,46,18.82714286,0.451948164,7,0.70743456,6.89e-05,25,1,1,0,1
99.6,112,"Albian","Early Cretaceous","Cretaceous",393.666666666667,-1.64382133333333,2.5998,0.707383333333333,16.8193333333333,0.136,0.123,0.136,0.123,2.57863160854893,1.17879314629568,69.3333333333333,-1.53687549925825,1.05770343481015,70,11.703,28.62895554,2.057623188,0.472684234,69,-2.479130435,0.582185889,69,15.77708333,0.663771792,12,0.707422641,5.6e-05,78,1,0,0,0
112,125,"Aptian","Early Cretaceous","Cretaceous",218,-0.780768,1.87171333333333,0.707396666666667,16.503,0.091,0.076,0.091,0.076,2.12738924743782,1.15895282133732,102.666666666667,-0.991656749258246,0.959046505069748,103.333333333333,-19.793,10.54335186,3.357142857,0.722742792,7,0.159285714,0.304089194,7,16.17928571,1.365935657,14,0.707299289,7.4e-05,21,1,1,0,1
125,130,"Barremian","Early Cretaceous","Cretaceous",52.6666666666667,0.007552,1.208313,0.707396666666667,16.9183333333333,0.023,0.01,0.023,0.01,1.76293721919639,1.10933540124418,80,-0.338810442544203,0.764301680293296,81,-6.725,5.910804806,0.011666667,1.332741035,6,0.084,0.340174661,6,17.931,2.413261279,5,0.707475433,3.02e-05,45,0,0,0,0
130,136.4,"Hauterivian","Early Cretaceous","Cretaceous",75.3333333333333,-0.182483333333333,-0.172810333333333,0.70741,17.1683333333333,0.013,0,0.013,0,0.770292049842564,0.917473706039531,157.666666666667,-0.120942194849868,0.531562499928535,157.666666666667,3.63,10.84726767,0.071363636,0.441364717,22,-0.087727273,0.358660628,22,16.79272727,1.514655676,11,0.707422829,3.13e-05,17,1,0,0,0
136.4,140.2,"Valanginian","Early Cretaceous","Cretaceous",86,-0.52317,-0.81397,0.707315,16.8115,0.076,0.047,0.076,0.047,0.15087666304643,1.11838084948667,156,-0.389840432056699,0.730349495392396,155.5,-6.546,5.053022383,-0.772,1.050878544,15,-0.498,0.39753167,15,17.9,4.424025316,6,0.70733668,7.79e-05,18,1,1,0,1
140.2,145.5,"Berriasian","Early Cretaceous","Cretaceous",75.3333333333333,-1.06398,0.0137533333333334,0.707236666666667,16.646,0.03,0.064,0.03,0.064,0.232151749723261,1.01914998650018,138.666666666667,-0.716436478513989,0.670177168247967,138.666666666667,-0.634,5.041901604,NA,NA,0,NA,NA,0,13,NA,1,0.707293751,3.17e-05,4,1,0,0,0
145.5,150.8,"Tithonian","Late Jurassic","Jurassic",45.3333333333333,-1.60479,0.841476666666667,0.707086666666667,16.315,0.102,0.176,0.102,0.176,0.305067958310395,1.20899604189039,71.6666666666667,-1.1117584230887,0.762235661813325,74,2.355,7.912954178,NA,NA,0,NA,NA,0,NA,NA,0,0.707087266,0.000128809,74,1,1,1,0
150.8,155.7,"Kimmeridgian","Late Jurassic","Jurassic",48.3333333333333,-1.83693333333333,1.7369,0.706943333333333,16.154,0.052,0.057,0.052,0.057,0.756241521528786,1.22729969034634,75.6666666666667,-1.14327151376558,0.84255484084573,78.6666666666667,5.84,14.30692339,1.36,NA,1,-2.11,NA,1,16,NA,1,0.706893779,7.37e-05,33,1,0,0,0
155.7,161.2,"Oxfordian","Late Jurassic","Jurassic",45.5,-1.2319,1.29857,0.70687,16.3845,0.056,0.036,0.056,0.036,1.65629900990099,1.39704558701012,85.5,-0.596273692810458,0.950470996440548,87,2.125,16.91708704,2.0025,1.09118819,4,-0.95745,1.1125827,4,15.4,NA,1,0.706866871,3.47e-05,31,0,0,0,0
161.2,164.7,"Callovian","Middle Jurassic","Jurassic",62,-1.61713333333333,1.23634666666667,0.70695,16.631,0.1,0.046,0.1,0.046,1.68539661884556,1.33200630657738,89.6666666666667,-0.47720266389384,1.0381975888423,91,-7.479,9.884393015,0.715384615,0.769541375,39,-1.270034872,0.542829887,39,16.075,0.330403793,4,0.706887144,0.000119673,28,0,0,0,0
164.7,167.7,"Bathonian","Middle Jurassic","Jurassic",74.3333333333333,-2.00646666666667,0.98288,0.707056666666667,17.053,0.012,0.005,0.012,0.005,1.52490696367314,1.26259219964297,85.6666666666667,-0.274417510095975,1.08379930196716,86.6666666666667,-5.788,4.443198493,1.156363636,0.876952367,11,-2.382098182,0.972786489,11,19.05,2.333452378,2,0.707096875,0.000103299,8,0,0,0,0
167.7,171.6,"Bajocian","Middle Jurassic","Jurassic",71,-1.9923,1.2805,0.707193333333333,17.411,0.013,0.005,0.013,0.005,1.06517429040582,0.988728810258885,55.3333333333333,-0.334133196370484,1.08713888032702,56,-1.518,3.152921979,NA,NA,0,NA,NA,0,17.1,1.734935157,3,0.707183083,9.76e-05,12,0,0,0,0
171.6,175.6,"Aalenian","Middle Jurassic","Jurassic",59,-1.79465,1.3648,0.707235,17.5545,0.035,0.037,0.035,0.037,0.725965517241379,0.882129342532383,34,-0.381669491525424,1.02388293366762,34.5,0.724,4.09778378,NA,NA,0,NA,NA,0,17.9,NA,1,0.707294,8.76e-06,6,0,0,0,0
175.6,183,"Toarcian","Early Jurassic","Jurassic",355.333333333333,-1.07790666666667,1.21235666666667,0.707256666666667,17.635,0.054,0.05,0.054,0.05,1.46893866931203,1.0661873521992,134.333333333333,-1.40635925290642,0.910080321447529,184,-7.835,-3.51074343,1.645882353,0.479088442,17,-1.206647059,0.794757741,17,20.73333333,3.189566324,3,0.707231703,9.12e-05,37,0,0,0,1
183,189.5,"Pliensbachian","Early Jurassic","Jurassic",511.5,-1.01601,1.009685,0.70724,17.608,0.065,0.077,0.065,0.077,1.88640800396804,1.24251935870846,196.5,-1.83803887935963,0.997492575480605,271,1.019,-2.214610279,0.420816327,1.145525419,49,-0.822222222,1.388485418,63,15.8,2.121320344,2,0.707244861,8.08e-05,72,1,1,0,1
189.5,196.5,"Sinemurian","Early Jurassic","Jurassic",319,-0.67906,0.206196666666667,0.70751,17.6676666666667,0.042,0.024,0.042,0.024,1.37698566917658,1.16490068859012,86.6666666666667,-1.49053691116775,0.837131262398768,149.666666666667,-3.204,-5.158557992,-0.97,0.321014018,9,0.205555556,0.485698237,9,14.95,1.060660172,2,0.707520903,0.000120144,62,0,0,0,0
196.5,199.6,"Hettangian","Early Jurassic","Jurassic",265,-0.991953333333333,0.63984,0.707713333333333,17.816,0.026,0.02,0.026,0.02,1.39236832803111,1.05066187715951,40.6666666666667,-1.68517228933972,0.724976180336996,53.3333333333333,-14.925,-19.91661338,NA,NA,0,NA,NA,0,NA,NA,0,0.70775776,3.21e-05,25,0,0,0,1
199.6,203.6,"Rhaetian","Late Triassic","Triassic",277,-1.57475,1.4369,0.70781,17.952,0.216,0.228,0.216,0.228,1.55434959349594,0.93086365448754,26.5,-1.93350609756097,0.780355258655331,26.5,-1.2035,-21.04950855,1.641612903,0.521964857,31,-1.739032258,0.600140844,31,17.7,9.333809512,2,0.707744261,5.69e-05,22,1,1,0,0
203.6,216.5,"Norian","Late Triassic","Triassic",286,-2.16445,2.38095,0.707755,18.538,0.136,0.105,0.136,0.105,2.57768292682927,NA,21,-1.88975609756098,NA,21,-1.2035,-21.04950855,3.48,NA,1,-2,NA,1,18.31666667,0.716705425,6,0.707960025,0.000154616,29,1,0,1,0
216.5,228,"Carnian","Late Triassic","Triassic",286,-2.16445,2.38095,0.707755,18.538,0.153,0.073,0.153,0.073,2.57768292682927,NA,21,-1.88975609756098,NA,21,15.3995,-5.644265704,3.053421053,0.683212904,38,-2.543157895,1.068237005,38,18.675,0.75,4,0.707647753,5.41e-05,47,0,0,0,0
228,237,"Ladinian","Middle Triassic","Triassic",152.666666666667,-3.541,1.55756333333333,0.707746666666667,20.3046666666667,0.153,0.073,0.153,0.073,2.41905982905983,NA,26.3333333333333,-2.84965811965812,NA,26.3333333333333,7.904,1.957543675,0.745217391,0.579975466,23,-3.906086957,1.729450094,23,20.83333333,4.574203027,3,0.707710666,6.59e-05,31,1,1,0,0
237,245,"Anisian","Middle Triassic","Triassic",131,-4.03155,0.806695,0.707795,20.9155,0.063,0.049,0.063,0.049,1.88858974358975,0.663279783081562,39,-3.27448717948718,1.34519468002657,39,-11.001,-9.487918073,0.840555556,0.796517953,18,-4.059444444,1.518852013,18,22.3,5.074774215,4,0.707883419,0.000123472,26,0,0,0,0
245,249.7,"Olenekian","Early Triassic","Triassic",389.5,-5.14475,1.20014,0.70786,20.3945,0.106,0.128,0.106,0.128,0.662564102564102,0.502103480946567,21,-5.20961538461539,1.82291843369691,21,-5.364,-15.36442961,0.38,0.113137085,2,-7.53,0.664680374,2,26.35,0.070710678,2,0.708106698,0.000126885,14,0,0,0,0
249.7,251,"Induan","Early Triassic","Triassic",296.5,-4.89225,2.52135,0.707545,18.307,0.075,0.067,0.075,0.067,2.1425,0.686632638049465,16.5,-4.60166666666666,1.40231405325323,16.5,-8.967,-24.8514856,NA,NA,0,NA,NA,0,17.525,4.895150662,4,0.70767952,0.000319734,17,0,0,0,0
251,253.8,"Changhsingian","Lopingian","Permian",296.5,-4.89225,2.52135,0.707545,18.307,0.075,0.067,0.075,0.067,2.1425,0.686632638049465,16.5,-4.60166666666666,1.40231405325323,16.5,-8.967,-24.8514856,3.2365,1.441177424,20,-4.2615,2.124197124,20,NA,NA,0,0.707283194,0.000224576,14,1,1,0,1
253.8,260.4,"Wuchiapingian","Lopingian","Permian",632,-3.62415,4.2287,0.7072,15.5245,0.125,0.134,0.125,0.134,4.19070175438597,1.15835586872142,34,-2.53219298245614,1.32887670413232,34,-8.967,-24.8514856,3.617878788,0.841244456,33,-3.537878788,1.013545009,33,NA,NA,0,0.707206216,0.000206456,21,1,1,0,0
260.4,265.5,"Capitanian","Guadalupian","Permian",632,-3.62415,4.2287,0.7072,15.5245,0.168,0.146,0.168,0.146,4.19070175438597,1.15835586872142,34,-2.53219298245614,1.32887670413232,34,-1.9543,-27.48007046,4.853,0.780223315,20,-2.796,1.268527534,20,11,NA,1,0.7071732,0.000313435,5,1,0,0,0
265.5,268,"Wordian","Guadalupian","Permian",1232,-3.4437,4.9767,0.70715,14.133,0.06,0.056,0.06,0.056,4.67973684210526,1.30460201416475,38,-2.26105263157895,1.86598396545019,38,18.3843,-10.10883492,5.966956522,1.527711999,23,-4.134782609,2.10291112,23,14.1,4.344536799,5,0.707232667,0.000141302,3,0,0,0,0
268,270.6,"Roadian","Guadalupian","Permian",1082,-3.6077,4.51115,0.707115,13.6505,0.06,0.056,0.06,0.056,4.83884163533834,1.26710015336273,75,-1.74916267942584,1.68473885022372,74,18.3843,-10.10883492,3.404615385,1.986322462,13,-3.360769231,0.87565653,13,NA,NA,0,0.707082,NA,1,0,0,0,0
270.6,275.6,"Kungurian","Cisuralian","Permian",932,-3.7717,4.0456,0.70708,13.168,0.06,0.029,0.06,0.029,4.99794642857143,1.22959829256071,112,-1.23727272727273,1.50349373499725,110,18.3843,-10.10883492,4.244634146,1.535286777,41,-3.654634146,2.558893411,41,14.4,1.272792206,2,0.707006872,8.48e-05,9,1,0,0,0
275.6,284.4,"Artinskian","Cisuralian","Permian",1021.5,-3.56285,3.96395,0.707305,12.968,0.018,0.023,0.018,0.023,4.73027918443497,1.22944157216179,123,-1.70774084124831,1.26978569770719,122,9.689,-1.606369158,3.147857143,1.470045413,14,-4.876666667,1.883272458,12,12.58333333,1.08888322,6,0.707169235,0.00016623,48,0,0,0,0
284.4,294.6,"Sakmarian","Cisuralian","Permian",851.5,-2.9009,3.8274,0.707865,12.6745,0.013,0.01,0.013,0.01,4.61421935597602,1.050592601854,130.5,-2.19993124926549,0.951225052389181,130.5,9.689,-1.606369158,3.1425,1.678057976,8,-4.4725,2.017386924,8,NA,NA,0,0.707566333,0.000266031,40,0,0,0,0
294.6,299,"Asselian","Cisuralian","Permian",654.666666666667,-2.70563333333333,3.73416666666667,0.70801,12.691,0.004,0.01,0.004,0.01,4.50676027240507,1.05996997419193,125,-2.20296586208342,0.960708011335196,125,-1.587,-5.220413683,4.311923077,1.039584606,26,-2.680769231,1.988003869,26,12.6,NA,1,0.707962258,0.000148195,22,1,1,0,0
299,303.9,"Gzhelian","Late Pennsylvanian"," Pennsylvanian",451,-2.4965,4.095,0.708256666666667,12.8663333333333,0.004,0.01,0.004,0.01,4.36063585334809,1.0228662106079,242.333333333333,-2.28593599086339,0.884645600276819,242.333333333333,-1.587,-5.220413683,3.698980583,1.035469696,206,-2.596456311,0.910317321,206,12.5,0.141421356,2,0.708201007,8.93e-05,10,0,0,0,0
303.9,306.5,"Kasimovian","Late Pennsylvanian"," Pennsylvanian",500,-2.7266,4.9648,0.70827,13.294,0.022,0,0.022,0,4.02423868312757,1.11797356101076,486,-2.42711934156379,0.807890427241997,486,11.209,3.902802455,3.761917808,1.028486896,219,-2.253881279,0.698272445,219,11.55,0.494974747,2,0.708251706,8.72e-05,17,0,0,0,0
306.5,311.7,"Moscovian","Middle Pennsylvanian"," Pennsylvanian",277.333333333333,-2.70473333333333,4.69566666666667,0.708276666666667,13.924,0.009,0.011,0.009,0.011,4.66676665781672,1.20079715872447,253.333333333333,-2.68407140607471,1.11505413118177,254.333333333333,-3.949,-0.7269661,4.719270759,1.468788351,165,-2.636655701,1.058453032,168,13.325,0.394757309,4,0.708279488,4.45e-05,41,0,0,0,0
311.7,318.1,"Bashkirian","Early Pennsylvanian"," Pennsylvanian",243.666666666667,-3.06526666666667,3.84336666666667,0.708153333333333,14.3623333333333,0.009,0.011,0.009,0.011,4.34451425726802,1.44816832224113,226.333333333333,-2.68819296871479,1.33181830551436,228,-4.235,-8.178339719,4.498000769,1.151715621,108,-2.769581901,2.25325693,107,15.55714286,0.818244346,7,0.708276828,9.65e-05,29,0,0,0,0
318.1,326.4,"Serpukhovian","Late Mississipian","Mississipian",318,-3.3144,3.45475,0.708085,14.7045,0.061,0.058,0.061,0.058,3.97507138590203,1.50323566742954,264.5,-2.45611298248395,1.61893533159492,265.5,-15.835,-25.00764022,2.498823548,1.649285045,107,-3.161441008,1.627006213,109,14.5875,0.944816687,8,0.70802013,0.000159095,31,0,0,0,0
326.4,345.3,"Visean","Middle Mississipian","Mississipian",347.666666666667,-3.96186666666667,2.75716666666667,0.70795,16.7863333333333,0.105,0.156,0.105,0.156,2.82435223768814,1.70511144198167,319.333333333333,-3.38565981702162,1.97027314567637,319.666666666667,12.473,-14.78253624,2.721746413,1.524571885,304,-4.147130825,2.622939841,304,15.25454545,2.273483511,11,0.707842963,0.000184999,196,0,0,0,0
345.3,359.2,"Tournaisian","Early Mississipian","Mississipian",278.666666666667,-4.58803333333333,2.29186666666667,0.708066666666667,19.0576666666667,0.044,0.043,0.044,0.043,2.11811355456057,1.45488957525596,211.333333333333,-4.59015279484793,1.92028218863645,211,10.833,2.213344958,2.743454155,1.760538651,161,-3.787639394,2.046047716,161,19.56666667,1.803699901,3,0.708086662,0.000231644,84,0,0,0,0
359.2,374.5,"Famennian","Late Devonian","Devonian",348,-5.1748,1.56488666666667,0.708176666666667,21.1186666666667,0.133,0.078,0.133,0.078,1.48344068132303,1.34734551585811,224.333333333333,-5.04677176998746,1.56138308620002,224.333333333333,4.955,4.646589036,1.057857143,1.378615401,28,-5.68175,1.799176289,40,NA,NA,0,0.708255904,0.000155352,48,1,1,0,0
374.5,385.3,"Frasnian","Late Devonian","Devonian",503,-5.606,0.914676666666667,0.70807,21.3696666666667,0.12,0.086,0.12,0.086,1.19189486260454,1.03182683083328,193,-4.98690402230187,1.28183728167809,193,5.989,6.881612004,0.858515625,1.490372149,64,-5.998685484,1.571403284,93,24.02,1.999249859,5,0.708108551,7.69e-05,87,1,1,0,0
385.3,391.8,"Givetian","Middle Devonian","Devonian",531.666666666667,-5.02573333333333,0.876553333333333,0.707956666666667,20.791,0.103,0.076,0.103,0.076,1.08739009908912,0.924066494348506,239,-4.64880830100981,1.40405533872456,239,15.472,18.34633714,0.914360406,1.422081801,197,-5.11764,1.616569946,223,23.1,0.707106781,2,0.707853846,5.6e-05,55,0,0,0,0
391.8,397.5,"Eifelian","Middle Devonian","Devonian",413,-5.0146,0.72007,0.707896666666667,19.784,0.165,0.094,0.165,0.094,0.912634661111461,0.838013542999547,127.333333333333,-4.25976597296748,1.60589853840648,127.333333333333,0.017,15.53765544,0.898137931,1.310947278,29,-3.947525,1.13351448,40,16.4,NA,1,0.707904679,8.19e-05,90,0,0,0,0
397.5,407,"Emsian","Early Devonian","Devonian",158.666666666667,-5.0841,0.900546666666667,0.708113333333333,19.8756666666667,0.129,0.05,0.129,0.05,0.811016486960081,0.705492882852285,107.666666666667,-4.50689753526982,1.52411959342811,107.666666666667,-6.492,6.971720653,0.352871429,0.919478476,210,-5.940741784,1.334958495,213,17,3.892942332,5,0.707930792,0.000127822,93,0,0,0,0
407,411.2,"Pragian","Early Devonian","Devonian",166.666666666667,-5.70543333333333,1.34600333333333,0.70838,21.357,0.129,0.05,0.129,0.05,1.17494511878826,0.779244409376149,43.6666666666667,-5.09128955285818,1.56193211317147,43.6666666666667,-8.067,-3.773230132,1.443670886,0.991918857,79,-5.348101266,1.678816033,79,NA,NA,0,0.7084844,0.000129784,5,0,0,0,0
411.2,416,"Lochkovian","Early Devonian","Devonian",174.666666666667,-5.55533333333333,1.35808,0.708646666666667,23.4526666666667,0.108,0.166,0.108,0.166,1.90665940450254,0.800433790757425,29.6666666666667,-5.04117050523913,1.18491474015858,29.6666666666667,2.043,-4.233301758,2.243762376,0.845034735,101,-5.831089109,1.811499876,101,24.33333333,4.152509282,3,0.708714231,4.69e-05,26,0,0,0,0
416,418.7,"Pridolian","Pridoli","Silurian",247.666666666667,-5.3996,1.72921333333333,0.7087,25.3806666666667,0.107,0.172,0.107,0.172,1.49779012345679,1.18431820857833,28.3333333333333,-5.45784434550695,1.19326596336769,32,5.508,-0.415781833,0.371333333,1.561729221,30,-5.505609756,1.011993203,41,25.32,3.276736181,5,0.708725989,3.46e-05,17,0,0,0,0
418.7,421.3,"Ludfordian","Ludlow","Silurian",220.5,-5.19445,1.47682,0.708695,26.0055,0.147,0.175,0.147,0.175,1.38816666666667,1.27277980211706,29,-4.7908405923345,0.895748040306794,34.5,5.558,3.705544738,3.234974874,2.958531043,199,-4.704974874,1.114590958,199,27.13333333,3.295957119,3,0.70869695,3.74e-05,45,0,0,0,0
421.3,422.9,"Gorstian","Ludlow","Silurian",369,-4.75235,2.1322,0.70853,26.8505,0.097,0.136,0.097,0.136,1.34569250645995,2.04196655270018,208.5,-5.16527257830718,1.09960104852484,214,5.475,7.836371877,1.281698113,1.773018664,106,-5.22990566,1.436624016,106,25.7,NA,1,0.708576928,8.74e-05,20,0,0,0,0
422.9,426.2,"Homerian","Wenlock","Silurian",369,-4.75235,2.1322,0.70853,26.8505,0.016,0.044,0.016,0.044,1.34569250645995,2.04196655270018,208.5,-5.16527257830718,1.09960104852484,214,5.475,7.836371877,0.93873065,1.539006475,323,-4.471517028,0.664655977,323,27.88571429,4.838191319,7,0.708446231,6.67e-05,41,0,0,0,0
426.2,428.2,"Sheinwoodian","Wenlock","Silurian",344,-4.9376,1.4922,0.70832,27.4355,0.044,0.027,0.044,0.027,2.00705434856521,2.20198333686462,421.5,-4.77696331429349,0.931385128573456,421.5,6.614,12.56452288,3.328874172,1.363716756,151,-4.927748344,0.59576189,151,25.95,6.293250353,2,0.708372337,5.15e-05,61,0,0,0,0
428.2,436,"Telychian","Llandovery","Silurian",281.333333333333,-4.7116,1.4372,0.708236666666667,27.808,0.101,0.129,0.101,0.129,1.72990289904347,1.69046252680136,289.333333333333,-4.81730887619566,0.801882796524403,289.333333333333,6.614,12.56452288,1.284476744,0.664585687,86,-5.257906977,0.558021961,86,27.24,2.679178979,5,0.70824117,9.65e-05,50,0,0,0,0
436,439,"Aeronian","Llandovery","Silurian",159.666666666667,-4.6057,1.18973333333333,0.708113333333333,27.6576666666667,0.011,0,0.011,0,1.33128567251462,1.21493842112951,177,-4.62226374269006,0.608712229442566,177,-4.002,5.895192522,1.3272,1.486473792,25,-4.2596,0.646802907,25,29.64,3.326108838,5,0.708067313,4.4e-05,13,0,0,0,0
439,443.7,"Rhuddanian","Llandovery","Silurian",402.666666666667,-4.18543333333333,1.3679,0.70801,26.691,0.012,0,0.012,0,1.43585490196078,1.3206588552914,81.6666666666667,-4.34199215686275,0.788126627871636,81.6666666666667,-5.882,-2.244105753,0.9575,0.390665387,28,-4.299642857,0.596803101,28,28.6,3.0757113,4,0.70800279,9.06e-05,5,0,0,0,0
443.7,445.6,"Hirnantian","Late Ordovician","Ordovician",588.333333333333,-4.4753,0.981683333333333,0.707953333333333,25.318,0.058,0.036,0.058,0.036,1.06094572970128,1.34981770738471,123,-4.39790657127716,0.86105883343104,122.666666666667,-6.401,-10.2866379,2.534867257,2.493001316,113,-3.502654867,1.175588772,113,14.5,NA,1,0.707962627,0.000158546,33,0,0,0,0
445.6,455.8,"Katian","Late Ordovician","Ordovician",649.666666666667,-4.73226666666667,0.644838333333333,0.707966666666667,24.6316666666667,0.245,0.057,0.245,0.057,0.457601285256831,1.13762041042029,110.333333333333,-4.72019546016605,0.906573951867114,110,-6.401,-10.2866379,0.430680473,0.803287319,169,-4.89797619,0.826616768,168,24.6,4.745524207,5,0.707928098,0.000124484,72,0,0,0,0
455.8,460.9,"Sandblian","Late Ordovician","Ordovician",317.5,-5.337325,-0.23900625,0.7081475,24.9905,0.12,0.363,0.12,0.363,-0.39145753827258,0.665945160907525,65,-5.76492095036213,0.846248434221207,64.6666666666667,16.434,8.976252217,-0.378795918,0.738439514,49,-5.194877551,0.732984244,49,24.83333333,2.281081615,3,0.708103198,0.00018332,38,0,0,0,0
460.9,468.1,"Darriwilian","Middle Ordovician","Ordovician",232,-5.87865,-0.54939375,0.7083475,25.5465,0.164,0.095,0.164,0.095,-0.857045985060692,0.705311494306492,34,-6.41907796451914,0.906716940116668,34,-1.526,6.655730607,-0.393333333,0.714878014,30,-6.817333333,0.918713243,30,23.9,6.929646456,2,0.708524723,0.00033991,25,0,0,0,0
468.1,471.8,"Dapingian","Middle Ordovician","Ordovician",346,-7.0254,-0.86507,0.70869,26.9916666666667,0.031,0,0.031,0,-1.01390495941967,0.769578758663924,43,-7.62215488759607,1.05131225761514,43,-7.414,-11.65573403,-1.989411765,0.949588533,17,-7.58,1.095433704,17,27.9,NA,1,0.709005234,0.000306997,13,0,0,0,0
471.8,478.6,"Floian","Early Ordovician","Ordovician",409.666666666667,-8.2291,-1.2124,0.70887,28.2923333333333,0.041,0,0.041,0,-1.30743437118437,0.733208311921534,37.3333333333333,-8.46372351504705,0.984769552729704,37.3333333333333,-7.414,-11.65573403,-1.13647561,0.654683681,82,-7.838780488,1.393898388,82,28.86666667,2.742869544,3,0.708886399,0.000149216,74,0,0,0,0
478.6,488.3,"Tremadocian","Early Ordovician","Ordovician",315.333333333333,-8.98226666666667,-1.33063333333333,0.709003333333333,29.762,NA,NA,NA,NA,-1.28820512820513,0.663314236306466,28,-9.18147812971343,1.00561419569911,28,-7.414,-11.65573403,-1.419705882,0.675204762,17,-9.547235294,0.833171616,17,27.3,5.716642371,3,0.709013117,0.000119455,123,0,0,0,0
488.3,501,"Pabian","Furongian","Cambrian",196.25,-8.50745,-0.7612185,0.7090825,31.3815,NA,NA,NA,NA,-0.953617021276596,0.762867281278325,32,-8.76640175219024,0.933474693607228,32,-7.414,-11.65573403,NA,NA,0,NA,NA,0,33.26,3.233883115,5,0.709100726,6.29e-05,58,NA,NA,NA,NA
501,513,"Middle Cambrian","Middle Cambrian","Cambrian",NA,NA,NA,NA,NA,NA,NA,NA,NA,NA,NA,NA,NA,NA,NA,-7.414,-11.65573403,NA,NA,NA,NA,NA,NA,NA,NA,NA,NA,NA,NA,NA,NA,NA,NA
513,542,"Early Cambrian","Early Cambrian","Cambrian",NA,NA,NA,NA,NA,NA,NA,NA,NA,NA,NA,NA,NA,NA,NA,-7.414,-11.65573403,NA,NA,NA,NA,NA,NA,NA,NA,NA,NA,NA,NA,NA,NA,NA,NA
